<?xml version="1.0" encoding="UTF-8" standalone="no"?>
<Session genome="hg19" hasGeneTrack="true" hasSequenceTrack="true" locus="chr8:128746315-128755680"
         path="/Users/jrobinso/Dropbox/projects/igv.js/examples/sessions/igvSession.xml" version="8">
    <Resources>
        <Resource name="GM12878 H3K4me3 ChipSeq Signal"
                  path="https://hgdownload.cse.ucsc.edu/goldenPath/hg19/encodeDCC/wgEncodeBroadHistone/wgEncodeBroadHistoneGm12878H3k4me3StdSig.bigWig"/>
        <Resource name="GM12878 H3K27me3 ChipSeq Signal"
                  path="https://hgdownload.cse.ucsc.edu/goldenPath/hg19/encodeDCC/wgEncodeBroadHistone/wgEncodeBroadHistoneGm12878H3k27me3StdSigV2.bigWig"/>
        <Resource name="GM12878 H3K36me3 ChipSeq Signal"
                  path="https://hgdownload.cse.ucsc.edu/goldenPath/hg19/encodeDCC/wgEncodeBroadHistone/wgEncodeBroadHistoneGm12878H3k36me3StdSig.bigWig"/>
    </Resources>
    <Panel height="439" name="DataPanel" width="1133">
        <Track altColor="0,0,178" autoScale="false" clazz="org.broad.igv.track.DataSourceTrack" color="200,0,0"
               displayMode="COLLAPSED" featureVisibilityWindow="-1" fontSize="10"
               id="https://hgdownload.cse.ucsc.edu/goldenPath/hg19/encodeDCC/wgEncodeBroadHistone/wgEncodeBroadHistoneGm12878H3k27me3StdSigV2.bigWig"
               name="GM12878 H3K27me3 ChipSeq Signal" normalize="false" renderer="BAR_CHART" sortable="true"
               visible="true" windowFunction="mean">
            <DataRange baseline="0.0" drawBaseline="true" flipAxis="false" maximum="55.947006" minimum="0.0"
                       type="LINEAR"/>
        </Track>
        <Track altColor="0,0,178" autoScale="false" clazz="org.broad.igv.track.DataSourceTrack" color="0,0,150"
               displayMode="COLLAPSED" featureVisibilityWindow="-1" fontSize="10"
               id="https://hgdownload.cse.ucsc.edu/goldenPath/hg19/encodeDCC/wgEncodeBroadHistone/wgEncodeBroadHistoneGm12878H3k36me3StdSig.bigWig"
               name="GM12878 H3K36me3 ChipSeq Signal" normalize="false" renderer="BAR_CHART" sortable="true"
               visible="true" windowFunction="mean">
            <DataRange baseline="0.0" drawBaseline="true" flipAxis="false" maximum="41.115314" minimum="0.0"
                       type="LINEAR"/>
        </Track>
        <Track altColor="0,0,178" autoScale="false" clazz="org.broad.igv.track.DataSourceTrack" color="0,150,0"
               displayMode="COLLAPSED" featureVisibilityWindow="-1" fontSize="10"
               id="https://hgdownload.cse.ucsc.edu/goldenPath/hg19/encodeDCC/wgEncodeBroadHistone/wgEncodeBroadHistoneGm12878H3k4me3StdSig.bigWig"
               name="GM12878 H3K4me3 ChipSeq Signal" normalize="false" renderer="BAR_CHART" sortable="true"
               visible="true" windowFunction="mean">
            <DataRange baseline="0.0" drawBaseline="true" flipAxis="false" maximum="53.69198" minimum="0.0"
                       type="LINEAR"/>
        </Track>
    </Panel>
    <Panel height="142" name="FeaturePanel" width="1133">
        <Track altColor="0,0,178" autoScale="false" color="0,0,178" displayMode="COLLAPSED" featureVisibilityWindow="-1"
               fontSize="10" id="Reference sequence" name="Reference sequence" sortable="false" visible="true"/>
        <Track altColor="0,0,178" autoScale="false" clazz="org.broad.igv.track.FeatureTrack" color="0,0,178"
               colorScale="ContinuousColorScale;0.0;423.0;255,255,255;0,0,178" displayMode="COLLAPSED"
               featureVisibilityWindow="-1" fontSize="10" height="35" id="hg19_genes" name="RefSeq Genes"
               renderer="BASIC_FEATURE" sortable="false" visible="true" windowFunction="count">
            <DataRange baseline="0.0" drawBaseline="true" flipAxis="false" maximum="423.0" minimum="0.0" type="LINEAR"/>
        </Track>
    </Panel>
    <PanelLayout dividerFractions="0.75"/>
    <HiddenAttributes>
        <Attribute name="DATA FILE"/>
        <Attribute name="DATA TYPE"/>
        <Attribute name="NAME"/>
    </HiddenAttributes>
</Session>
